implementation,case,iteration,load_seconds,call_seconds,records
baseline,default,1,0.272,0.295,8573
baseline,range,1,0.235,7.455,1297
index,range,1,0.247,0.428,1297
getter,default,1,0.237,0.385,8573
index,default,1,0.237,0.386,8573
getter,range,1,0.237,0.498,1297
baseline,default,2,0.236,0.291,8573
index,default,2,0.24,0.386,8573
getter,default,2,0.238,0.39,8573
index,range,2,0.239,0.423,1297
getter,range,2,0.237,0.499,1297
baseline,range,2,0.232,7.477,1297
index,range,3,0.338,0.425,1297
getter,default,3,0.236,0.386,8573
baseline,range,3,0.236,7.679,1297
index,default,3,0.24,0.387,8573
baseline,default,3,0.239,0.283,8573
getter,range,3,0.235,0.5,1297
