"case","implementation","seconds"
"concrete/composition/default","baseline",0.006
"concrete/composition/range","baseline",1.126
"concrete/composition/species","baseline",0.006
"concrete/intact/default","baseline",0.00999999999999979
"concrete/intact/range","baseline",7.439
"concrete/intact/species","baseline",0.0190000000000001
"concrete/topological/default","baseline",0.00999999999999801
"concrete/topological/range","baseline",7.867
"concrete/topological/species","baseline",0.0260000000000034
"generic/composition/default","baseline",0.00399999999999068
"generic/composition/range","baseline",0.061000000000007
"generic/composition/species","baseline",0.00400000000000489
"generic/intact/default","baseline",0.00900000000000034
"generic/intact/range","baseline",1.791
"generic/intact/species","baseline",0.0179999999999865
"generic/topological/default","baseline",0.00900000000000034
"generic/topological/range","baseline",1.60300000000001
"generic/topological/species","baseline",0.0250000000000057
"concrete/composition/default","getter",0
"concrete/composition/range","getter",0.00800000000000001
"concrete/composition/species","getter",0.00900000000000012
"concrete/intact/default","getter",0
"concrete/intact/range","getter",0.0210000000000008
"concrete/intact/species","getter",0.0179999999999989
"concrete/topological/default","getter",0
"concrete/topological/range","getter",0.019999999999996
"concrete/topological/species","getter",0.0219999999999985
"generic/composition/default","getter",0
"generic/composition/range","getter",0.00499999999999545
"generic/composition/species","getter",0.00699999999999079
"generic/intact/default","getter",0
"generic/intact/range","getter",0.0190000000000055
"generic/intact/species","getter",0.0169999999999959
"generic/topological/default","getter",0
"generic/topological/range","getter",0.0180000000000007
"generic/topological/species","getter",0.0200000000000102
"concrete/composition/default","index",0
"concrete/composition/range","index",0
"concrete/composition/species","index",0
"concrete/intact/default","index",0
"concrete/intact/range","index",0.00199999999999889
"concrete/intact/species","index",0
"concrete/topological/default","index",0
"concrete/topological/range","index",0.000999999999997669
"concrete/topological/species","index",0.000999999999997669
"generic/composition/default","index",0
"generic/composition/range","index",0.00100000000000477
"generic/composition/species","index",0
"generic/intact/default","index",0
"generic/intact/range","index",0.00199999999999534
"generic/intact/species","index",0
"generic/topological/default","index",0
"generic/topological/range","index",0.000999999999990564
"generic/topological/species","index",0
