"case","iteration","implementation","seconds"
"concrete/composition/default",1,"baseline",0.01
"concrete/composition/default",1,"getter",0
"concrete/composition/default",1,"index",0
"concrete/composition/default",2,"index",0
"concrete/composition/default",2,"getter",0
"concrete/composition/default",2,"baseline",0.005
"concrete/composition/default",3,"getter",0
"concrete/composition/default",3,"baseline",0.006
"concrete/composition/default",3,"index",0
"concrete/composition/species",1,"baseline",0.006
"concrete/composition/species",1,"index",0
"concrete/composition/species",1,"getter",0.00900000000000012
"concrete/composition/species",2,"getter",0.01
"concrete/composition/species",2,"index",0
"concrete/composition/species",2,"baseline",0.006
"concrete/composition/species",3,"getter",0.0089999999999999
"concrete/composition/species",3,"baseline",0.00500000000000012
"concrete/composition/species",3,"index",0
"concrete/composition/range",1,"index",0.00100000000000033
"concrete/composition/range",1,"baseline",1.118
"concrete/composition/range",1,"getter",0.00699999999999967
"concrete/composition/range",2,"index",0
"concrete/composition/range",2,"baseline",1.164
"concrete/composition/range",2,"getter",0.00800000000000001
"concrete/composition/range",3,"baseline",1.126
"concrete/composition/range",3,"getter",0.00800000000000001
"concrete/composition/range",3,"index",0
"concrete/intact/default",1,"baseline",0.0150000000000006
"concrete/intact/default",1,"index",0
"concrete/intact/default",1,"getter",0
"concrete/intact/default",2,"index",0
"concrete/intact/default",2,"getter",0
"concrete/intact/default",2,"baseline",0.00899999999999856
"concrete/intact/default",3,"index",0
"concrete/intact/default",3,"baseline",0.00999999999999979
"concrete/intact/default",3,"getter",0
"concrete/intact/species",1,"getter",0.0179999999999989
"concrete/intact/species",1,"baseline",0.0190000000000001
"concrete/intact/species",1,"index",0
"concrete/intact/species",2,"getter",0.0179999999999989
"concrete/intact/species",2,"baseline",0.0190000000000001
"concrete/intact/species",2,"index",0.00100000000000122
"concrete/intact/species",3,"getter",0.0190000000000001
"concrete/intact/species",3,"index",0
"concrete/intact/species",3,"baseline",0.0190000000000001
"concrete/intact/range",1,"getter",0.0210000000000008
"concrete/intact/range",1,"baseline",7.324
"concrete/intact/range",1,"index",0.00199999999999889
"concrete/intact/range",2,"index",0.00200000000000244
"concrete/intact/range",2,"getter",0.0209999999999972
"concrete/intact/range",2,"baseline",7.439
"concrete/intact/range",3,"getter",0.0210000000000008
"concrete/intact/range",3,"index",0.00100000000000477
"concrete/intact/range",3,"baseline",7.659
"concrete/topological/default",1,"baseline",0.00999999999999801
"concrete/topological/default",1,"index",0
"concrete/topological/default",1,"getter",0
"concrete/topological/default",2,"baseline",0.00999999999999801
"concrete/topological/default",2,"getter",0
"concrete/topological/default",2,"index",0
"concrete/topological/default",3,"index",0
"concrete/topological/default",3,"baseline",0.00999999999999801
"concrete/topological/default",3,"getter",0
"concrete/topological/species",1,"index",0
"concrete/topological/species",1,"getter",0.0220000000000056
"concrete/topological/species",1,"baseline",0.0260000000000034
"concrete/topological/species",2,"getter",0.0219999999999985
"concrete/topological/species",2,"baseline",0.0260000000000034
"concrete/topological/species",2,"index",0.000999999999997669
"concrete/topological/species",3,"getter",0.0210000000000008
"concrete/topological/species",3,"baseline",0.0260000000000034
"concrete/topological/species",3,"index",0.000999999999997669
"concrete/topological/range",1,"baseline",7.68
"concrete/topological/range",1,"index",0.000999999999997669
"concrete/topological/range",1,"getter",0.0189999999999984
"concrete/topological/range",2,"baseline",7.867
"concrete/topological/range",2,"index",0.000999999999990564
"concrete/topological/range",2,"getter",0.019999999999996
"concrete/topological/range",3,"baseline",8.134
"concrete/topological/range",3,"index",0.00100000000000477
"concrete/topological/range",3,"getter",0.019999999999996
"generic/composition/default",1,"baseline",0.00399999999999068
"generic/composition/default",1,"index",0
"generic/composition/default",1,"getter",0.00100000000000477
"generic/composition/default",2,"index",0
"generic/composition/default",2,"baseline",0.00300000000000011
"generic/composition/default",2,"getter",0
"generic/composition/default",3,"getter",0
"generic/composition/default",3,"baseline",0.00400000000000489
"generic/composition/default",3,"index",0
"generic/composition/species",1,"getter",0.00600000000000023
"generic/composition/species",1,"index",0.00100000000000477
"generic/composition/species",1,"baseline",0.00400000000000489
"generic/composition/species",2,"index",0
"generic/composition/species",2,"baseline",0.00399999999999068
"generic/composition/species",2,"getter",0.00699999999999079
"generic/composition/species",3,"baseline",0.00400000000000489
"generic/composition/species",3,"getter",0.007000000000005
"generic/composition/species",3,"index",0
"generic/composition/range",1,"getter",0.00499999999999545
"generic/composition/range",1,"index",0.00100000000000477
"generic/composition/range",1,"baseline",0.061000000000007
"generic/composition/range",2,"baseline",0.0849999999999937
"generic/composition/range",2,"index",0.00100000000000477
"generic/composition/range",2,"getter",0.00499999999999545
"generic/composition/range",3,"baseline",0.0600000000000023
"generic/composition/range",3,"getter",0.00499999999999545
"generic/composition/range",3,"index",0.000999999999990564
"generic/intact/default",1,"getter",0.000999999999990564
"generic/intact/default",1,"baseline",0.00900000000000034
"generic/intact/default",1,"index",0
"generic/intact/default",2,"getter",0
"generic/intact/default",2,"index",0
"generic/intact/default",2,"baseline",0.00900000000000034
"generic/intact/default",3,"baseline",0.00900000000000034
"generic/intact/default",3,"index",0
"generic/intact/default",3,"getter",0
"generic/intact/species",1,"baseline",0.0180000000000007
"generic/intact/species",1,"getter",0.0169999999999959
"generic/intact/species",1,"index",0
"generic/intact/species",2,"index",0.00100000000000477
"generic/intact/species",2,"getter",0.0169999999999959
"generic/intact/species",2,"baseline",0.0179999999999865
"generic/intact/species",3,"getter",0.0169999999999959
"generic/intact/species",3,"baseline",0.0179999999999865
"generic/intact/species",3,"index",0
"generic/intact/range",1,"getter",0.0190000000000055
"generic/intact/range",1,"baseline",1.708
"generic/intact/range",1,"index",0.00199999999999534
"generic/intact/range",2,"getter",0.0190000000000055
"generic/intact/range",2,"baseline",1.914
"generic/intact/range",2,"index",0.00200000000000955
"generic/intact/range",3,"getter",0.0190000000000055
"generic/intact/range",3,"baseline",1.791
"generic/intact/range",3,"index",0.00199999999999534
"generic/topological/default",1,"baseline",0.00900000000000034
"generic/topological/default",1,"index",0
"generic/topological/default",1,"getter",0
"generic/topological/default",2,"baseline",0.0099999999999909
"generic/topological/default",2,"getter",0
"generic/topological/default",2,"index",0
"generic/topological/default",3,"index",0
"generic/topological/default",3,"baseline",0.00899999999998613
"generic/topological/default",3,"getter",0
"generic/topological/species",1,"index",0
"generic/topological/species",1,"baseline",0.0250000000000057
"generic/topological/species",1,"getter",0.019999999999996
"generic/topological/species",2,"baseline",0.0250000000000057
"generic/topological/species",2,"getter",0.0210000000000008
"generic/topological/species",2,"index",0.00100000000000477
"generic/topological/species",3,"baseline",0.0249999999999915
"generic/topological/species",3,"getter",0.0200000000000102
"generic/topological/species",3,"index",0
"generic/topological/range",1,"getter",0.0180000000000007
"generic/topological/range",1,"baseline",1.58200000000001
"generic/topological/range",1,"index",0.000999999999990564
"generic/topological/range",2,"index",0.000999999999990564
"generic/topological/range",2,"getter",0.0180000000000007
"generic/topological/range",2,"baseline",1.60300000000001
"generic/topological/range",3,"index",0.000999999999990564
"generic/topological/range",3,"baseline",1.62599999999999
"generic/topological/range",3,"getter",0.0180000000000007
